Period,1,1,1,1,1,1,2,2,2,2,2,2,3,3,3,3,3,3,4,4,4,4,4,4,5,5,5,5,5,5,6,6,6,6,6,6,7,7,7,7,7,7,8,8,8,8,8,8,9,9,9,9,9,9,10,10,10,10,10,10,11,11,11,11,11,11,12,12,12,12,12,12,13,13,13,13,13,13,14,14,14,14,14,14,15,15,15,15,15,15,16,16,16,16,16,16,17,17,17,17,17,17,18,18,18,18,18,18,19,19,19,19,19,19,20,20,20,20,20,20,21,21,21,21,21,21,22,22,22,22,22,22,23,23,23,23,23,23,24,24,24,24,24,24,25,25,25,25,25,25,26,26,26,26,26,26,27,27,27,27,27,27,28,28,28,28,28,28,29,29,29,29,29,29,30,30,30,30,30,30,31,31,31,31,31,31
Ticker,^GSPC,^IRX,^IXIC,^RUT,^TYX,^VIX,^GSPC,^IRX,^IXIC,^RUT,^TYX,^VIX,^GSPC,^IRX,^IXIC,^RUT,^TYX,^VIX,^GSPC,^IRX,^IXIC,^RUT,^TYX,^VIX,^GSPC,^IRX,^IXIC,^RUT,^TYX,^VIX,^GSPC,^IRX,^IXIC,^RUT,^TYX,^VIX,^GSPC,^IRX,^IXIC,^RUT,^TYX,^VIX,^GSPC,^IRX,^IXIC,^RUT,^TYX,^VIX,^GSPC,^IRX,^IXIC,^RUT,^TYX,^VIX,^GSPC,^IRX,^IXIC,^RUT,^TYX,^VIX,^GSPC,^IRX,^IXIC,^RUT,^TYX,^VIX,^GSPC,^IRX,^IXIC,^RUT,^TYX,^VIX,^GSPC,^IRX,^IXIC,^RUT,^TYX,^VIX,^GSPC,^IRX,^IXIC,^RUT,^TYX,^VIX,^GSPC,^IRX,^IXIC,^RUT,^TYX,^VIX,^GSPC,^IRX,^IXIC,^RUT,^TYX,^VIX,^GSPC,^IRX,^IXIC,^RUT,^TYX,^VIX,^GSPC,^IRX,^IXIC,^RUT,^TYX,^VIX,^GSPC,^IRX,^IXIC,^RUT,^TYX,^VIX,^GSPC,^IRX,^IXIC,^RUT,^TYX,^VIX,^GSPC,^IRX,^IXIC,^RUT,^TYX,^VIX,^GSPC,^IRX,^IXIC,^RUT,^TYX,^VIX,^GSPC,^IRX,^IXIC,^RUT,^TYX,^VIX,^GSPC,^IRX,^IXIC,^RUT,^TYX,^VIX,^GSPC,^IRX,^IXIC,^RUT,^TYX,^VIX,^GSPC,^IRX,^IXIC,^RUT,^TYX,^VIX,^GSPC,^IRX,^IXIC,^RUT,^TYX,^VIX,^GSPC,^IRX,^IXIC,^RUT,^TYX,^VIX,^GSPC,^IRX,^IXIC,^RUT,^TYX,^VIX,^GSPC,^IRX,^IXIC,^RUT,^TYX,^VIX,^GSPC,^IRX,^IXIC,^RUT,^TYX,^VIX
date,,,,,,,,,,,,,,,,,,,,,,,,,,,,,,,,,,,,,,,,,,,,,,,,,,,,,,,,,,,,,,,,,,,,,,,,,,,,,,,,,,,,,,,,,,,,,,,,,,,,,,,,,,,,,,,,,,,,,,,,,,,,,,,,,,,,,,,,,,,,,,,,,,,,,,,,,,,,,,,,,,,,,,,,,,,,,,,,,,,,,,,,,,
2010-12-14,-0.029609445,0.7877311,-0.029996756,-0.03273924,0.0016517239,0.17262629,-0.027355347,0.29016078,-0.0367691,-0.03506735,0.021658175,0.18671545,-0.03177241,0.59421456,-0.036361326,-0.042536877,-0.00021405984,0.18634596,-0.040942784,0.65220696,-0.046869572,-0.049921576,-0.04843458,0.18353303,-0.052873258,0.77234656,-0.049897105,-0.059160013,-0.025528867,0.21946838,-0.044635855,3.5582352,-0.04423429,-0.045934547,-0.020108622,0.20402056,-0.048964962,1.8655837,-0.04688042,-0.05217183,-0.01864387,0.27301162,-0.05024324,1.923752,-0.041713275,-0.05600708,0.004657291,0.2619296,-0.048666023,0.1497499,-0.041093804,-0.04472194,0.004024718,0.25577828,-0.05554112,0.45293358,-0.051439952,-0.06993946,-0.01243055,0.29693267,-0.056674473,-0.2268425,-0.05823568,-0.06702636,0.014113041,0.29365414,-0.06507252,2.9309466,-0.06413489,-0.0866465,0.0029397733,0.32728794,-0.06597456,2.3592935,-0.06516416,-0.08378029,-0.002021579,0.32516512,-0.07531443,2.9717379,-0.06940666,-0.09150529,-0.023830386,0.31838968,-0.07350928,26.333193,-0.067670025,-0.092101045,-0.018172063,0.33257455,-0.06823753,2.9454665,-0.0653203,-0.08786625,-0.016725823,0.37284607,-0.06769007,1.2461101,-0.07152131,-0.08732199,-0.026588712,0.38279465,-0.06590078,1.3733879,-0.062219724,-0.07675647,-0.022304945,0.3134063,-0.05891871,2.4184508,-0.060172953,-0.06945336,-0.022620361,0.30375078,-0.05897744,-0.8681875,-0.05493272,-0.07047308,-0.013950285,0.2731282,-0.06722822,-0.42972934,-0.061188463,-0.085523956,-0.029653804,0.25932306,-0.0670719,-1.0172737,-0.07082435,-0.09785653,-0.029089505,0.212136,-0.0651219,-1.1682508,-0.06813425,-0.09434032,-0.019817235,0.25568303,-0.06717422,-0.94898987,-0.05653784,-0.09399478,-0.009942204,0.18042399,-0.05602358,0.24873824,-0.049778946,-0.081111446,-0.011647902,0.21130615,-0.068977356,-0.039157413,-0.059415862,-0.093991786,-0.017517976,0.35639852,-0.07358752,0.28620434,-0.06099209,-0.097418845,-0.015428243,0.34884208,-0.07974232,0.7957321,-0.06779419,-0.104174115,-0.038996734,0.35579216,-0.059248663,0.26735282,-0.059799954,-0.087665945,-0.015360681,0.30941772,-0.04768833,0.09447831,-0.04377485,-0.0706612,0.016812444,0.3033142,-0.03360165,0.1899996,-0.027976152,-0.052996244,0.02640605,0.18547326
2010-11-03,-0.029609445,0.7877311,-0.029996756,-0.03273924,0.0016517239,0.17262629,-0.027355347,0.29016078,-0.0367691,-0.03506735,0.021658175,0.18671545,-0.03177241,0.59421456,-0.036361326,-0.042536877,-0.00021405984,0.18634596,-0.040942784,0.65220696,-0.046869572,-0.049921576,-0.04843458,0.18353303,-0.052873258,0.77234656,-0.049897105,-0.059160013,-0.025528867,0.21946838,-0.044635855,3.5582352,-0.04423429,-0.045934547,-0.020108622,0.20402056,-0.048964962,1.8655837,-0.04688042,-0.05217183,-0.01864387,0.27301162,-0.05024324,1.923752,-0.041713275,-0.05600708,0.004657291,0.2619296,-0.048666023,0.1497499,-0.041093804,-0.04472194,0.004024718,0.25577828,-0.05554112,0.45293358,-0.051439952,-0.06993946,-0.01243055,0.29693267,-0.056674473,-0.2268425,-0.05823568,-0.06702636,0.014113041,0.29365414,-0.06507252,2.9309466,-0.06413489,-0.0866465,0.0029397733,0.32728794,-0.06597456,2.3592935,-0.06516416,-0.08378029,-0.002021579,0.32516512,-0.07531443,2.9717379,-0.06940666,-0.09150529,-0.023830386,0.31838968,-0.07350928,26.333193,-0.067670025,-0.092101045,-0.018172063,0.33257455,-0.06823753,2.9454665,-0.0653203,-0.08786625,-0.016725823,0.37284607,-0.06769007,1.2461101,-0.07152131,-0.08732199,-0.026588712,0.38279465,-0.06590078,1.3733879,-0.062219724,-0.07675647,-0.022304945,0.3134063,-0.05891871,2.4184508,-0.060172953,-0.06945336,-0.022620361,0.30375078,-0.05897744,-0.8681875,-0.05493272,-0.07047308,-0.013950285,0.2731282,-0.06722822,-0.42972934,-0.061188463,-0.085523956,-0.029653804,0.25932306,-0.0670719,-1.0172737,-0.07082435,-0.09785653,-0.029089505,0.212136,-0.0651219,-1.1682508,-0.06813425,-0.09434032,-0.019817235,0.25568303,-0.06717422,-0.94898987,-0.05653784,-0.09399478,-0.009942204,0.18042399,-0.05602358,0.24873824,-0.049778946,-0.081111446,-0.011647902,0.21130615,-0.068977356,-0.039157413,-0.059415862,-0.093991786,-0.017517976,0.35639852,-0.07358752,0.28620434,-0.06099209,-0.097418845,-0.015428243,0.34884208,-0.07974232,0.7957321,-0.06779419,-0.104174115,-0.038996734,0.35579216,-0.059248663,0.26735282,-0.059799954,-0.087665945,-0.015360681,0.30941772,-0.04768833,0.09447831,-0.04377485,-0.0706612,0.016812444,0.3033142,-0.03360165,0.1899996,-0.027976152,-0.052996244,0.02640605,0.18547326
2010-09-21,-0.020790774,1.2283698,-0.023198543,-0.021050889,-0.0072223563,0.10711356,-0.022368282,0.42324394,-0.031636238,-0.026426503,0.011107953,0.12871559,-0.027878914,0.54718524,-0.032117855,-0.032919053,-0.012906187,0.1258032,-0.03780918,0.6652946,-0.043633245,-0.041778285,-0.06569078,0.12368807,-0.048915613,0.8798315,-0.046710532,-0.05064579,-0.0370834,0.15999407,-0.041649416,3.5095642,-0.040462755,-0.038637448,-0.031007804,0.15176944,-0.045633197,1.7683033,-0.04474945,-0.04527101,-0.02561845,0.21082471,-0.047168035,1.8823298,-0.040270373,-0.04982266,-0.0006339913,0.21443869,-0.047545403,0.17484063,-0.042114392,-0.03981975,-0.0052792286,0.21351896,-0.05577164,0.4883673,-0.054124173,-0.0667229,-0.020100452,0.26777926,-0.05994627,-0.2284629,-0.064168006,-0.067055754,0.005547866,0.2743678,-0.06783483,3.4400935,-0.068520434,-0.087903254,-0.006310409,0.30456364,-0.069217235,2.7326462,-0.0687622,-0.08424599,-0.01194341,0.29601672,-0.078840666,3.5365207,-0.07445108,-0.09264946,-0.03705454,0.29081464,-0.07724407,30.494814,-0.07212607,-0.09219654,-0.03345482,0.30265942,-0.072390646,3.441957,-0.07094289,-0.08771263,-0.02903023,0.3460554,-0.07122957,1.4967216,-0.075223535,-0.085776955,-0.033126444,0.33963823,-0.06727532,1.5964446,-0.066002175,-0.07417642,-0.029878449,0.26586497,-0.062583506,2.8469834,-0.065944694,-0.06981331,-0.036670066,0.2647572,-0.058378436,-0.8166564,-0.05676263,-0.06737236,-0.02192997,0.21891479,-0.06497962,-0.2827493,-0.059955567,-0.079301335,-0.03901419,0.17001656,-0.06713254,-1.0915548,-0.071790874,-0.093889385,-0.040949255,0.110069625,-0.067502126,-1.2593979,-0.07120588,-0.09376369,-0.03139396,0.17951496,-0.06820219,-0.8413436,-0.060466595,-0.093522325,-0.018045528,0.10020599,-0.05731285,0.3011363,-0.05125889,-0.081252046,-0.022434177,0.11611915,-0.06802145,0.092068695,-0.059241164,-0.09218887,-0.021889593,0.25008798,-0.06761247,0.41255334,-0.05685757,-0.09008685,-0.013499761,0.22207363,-0.073016465,0.93310124,-0.06412575,-0.09563118,-0.042165596,0.221612,-0.057604186,0.276617,-0.0579035,-0.083655335,-0.022152826,0.18063772,-0.04404583,0.04950764,-0.04013415,-0.064727634,0.005643533,0.17784497,-0.033001617,0.1974336,-0.027817156,-0.049436286,0.006784253,0.08874043
2010-08-10,-0.030248169,0.7831578,-0.03074187,-0.03348989,0.003538005,0.17805341,-0.027997088,0.3076262,-0.037523836,-0.036633667,0.023792224,0.19241616,-0.032611117,0.6052607,-0.037428636,-0.04438369,0.0024825213,0.19055992,-0.04107747,0.69721013,-0.047272008,-0.051064752,-0.042866956,0.18739909,-0.052838963,0.79200464,-0.05024972,-0.060023133,-0.020921223,0.22101244,-0.044433568,3.547401,-0.04444836,-0.046479434,-0.01604537,0.20460626,-0.048532896,1.9114393,-0.046754457,-0.052204,-0.014742479,0.27521843,-0.049911197,1.9673618,-0.04212053,-0.05539999,0.007113913,0.26192364,-0.048105404,0.22889054,-0.041193023,-0.04418358,0.008024788,0.25477853,-0.054972094,0.5087924,-0.051224492,-0.06908149,-0.007767529,0.29336843,-0.056489095,-0.12304136,-0.058394853,-0.06668264,0.017057976,0.2941309,-0.06478344,2.8169854,-0.0641484,-0.08576107,0.005622862,0.32694963,-0.065673225,2.2864335,-0.06533338,-0.08296319,0.0010617203,0.32460928,-0.07488366,2.8391256,-0.06947206,-0.09017194,-0.01930529,0.3188977,-0.072915375,24.670765,-0.06758218,-0.09062242,-0.013378784,0.3314066,-0.06800309,2.8067422,-0.0652616,-0.08681312,-0.012194035,0.37336254,-0.067408144,1.2116803,-0.07167499,-0.08682129,-0.02181672,0.38483506,-0.06621138,1.3480526,-0.063089654,-0.07705103,-0.017482964,0.31617892,-0.059521627,2.3214653,-0.061284997,-0.06930284,-0.01717088,0.30825502,-0.060057312,-0.7667034,-0.056621015,-0.070960745,-0.0095341485,0.2783082,-0.067821726,-0.32044047,-0.062206723,-0.08572889,-0.024840428,0.26234806,-0.06748179,-0.86972857,-0.07192257,-0.09758811,-0.023814889,0.21634531,-0.064296946,-0.9929651,-0.06822718,-0.09208205,-0.013743393,0.25034386,-0.06677074,-0.7994863,-0.05660934,-0.09190759,-0.0036382154,0.17715694,-0.055347737,0.27581757,-0.049756285,-0.07829573,-0.005296856,0.20865344,-0.06778203,0.04484605,-0.05862551,-0.09106308,-0.009865896,0.3543831,-0.07398239,0.39734802,-0.061620638,-0.09599994,-0.008286389,0.3530033,-0.08029264,0.9240108,-0.0690794,-0.10308184,-0.033365533,0.35981178,-0.05936545,0.36730754,-0.060521662,-0.08593229,-0.008865021,0.31162015,-0.047218427,0.19641797,-0.043959655,-0.068174705,0.024847511,0.3005285,-0.033058617,0.30277306,-0.02868205,-0.050416563,0.036098897,0.17942551
2010-06-23,-0.030248169,0.7831578,-0.03074187,-0.03348989,0.003538005,0.17805341,-0.027997088,0.3076262,-0.037523836,-0.036633667,0.023792224,0.19241616,-0.032611117,0.6052607,-0.037428636,-0.04438369,0.0024825213,0.19055992,-0.04107747,0.69721013,-0.047272008,-0.051064752,-0.042866956,0.18739909,-0.052838963,0.79200464,-0.05024972,-0.060023133,-0.020921223,0.22101244,-0.044433568,3.547401,-0.04444836,-0.046479434,-0.01604537,0.20460626,-0.048532896,1.9114393,-0.046754457,-0.052204,-0.014742479,0.27521843,-0.049911197,1.9673618,-0.04212053,-0.05539999,0.007113913,0.26192364,-0.048105404,0.22889054,-0.041193023,-0.04418358,0.008024788,0.25477853,-0.054972094,0.5087924,-0.051224492,-0.06908149,-0.007767529,0.29336843,-0.056489095,-0.12304136,-0.058394853,-0.06668264,0.017057976,0.2941309,-0.06478344,2.8169854,-0.0641484,-0.08576107,0.005622862,0.32694963,-0.065673225,2.2864335,-0.06533338,-0.08296319,0.0010617203,0.32460928,-0.07488366,2.8391256,-0.06947206,-0.09017194,-0.01930529,0.3188977,-0.072915375,24.670765,-0.06758218,-0.09062242,-0.013378784,0.3314066,-0.06800309,2.8067422,-0.0652616,-0.08681312,-0.012194035,0.37336254,-0.067408144,1.2116803,-0.07167499,-0.08682129,-0.02181672,0.38483506,-0.06621138,1.3480526,-0.063089654,-0.07705103,-0.017482964,0.31617892,-0.059521627,2.3214653,-0.061284997,-0.06930284,-0.01717088,0.30825502,-0.060057312,-0.7667034,-0.056621015,-0.070960745,-0.0095341485,0.2783082,-0.067821726,-0.32044047,-0.062206723,-0.08572889,-0.024840428,0.26234806,-0.06748179,-0.86972857,-0.07192257,-0.09758811,-0.023814889,0.21634531,-0.064296946,-0.9929651,-0.06822718,-0.09208205,-0.013743393,0.25034386,-0.06677074,-0.7994863,-0.05660934,-0.09190759,-0.0036382154,0.17715694,-0.055347737,0.27581757,-0.049756285,-0.07829573,-0.005296856,0.20865344,-0.06778203,0.04484605,-0.05862551,-0.09106308,-0.009865896,0.3543831,-0.07398239,0.39734802,-0.061620638,-0.09599994,-0.008286389,0.3530033,-0.08029264,0.9240108,-0.0690794,-0.10308184,-0.033365533,0.35981178,-0.05936545,0.36730754,-0.060521662,-0.08593229,-0.008865021,0.31162015,-0.047218427,0.19641797,-0.043959655,-0.068174705,0.024847511,0.3005285,-0.033058617,0.30277306,-0.02868205,-0.050416563,0.036098897,0.17942551
2010-05-10,0.006822941,-0.12843457,-0.011405729,-0.005533127,0.00852026,-0.4212006,0.0042507676,-0.0026115552,-0.007190704,-0.0071408856,-0.01977061,-0.3560149,0.011504054,-0.5756545,-0.0035726721,0.010320619,-0.010045412,-0.5239921,0.0099938195,-0.45331523,-0.008560456,-0.002240659,0.040167473,-0.46394938,0.017705198,-0.6959314,-0.0025685169,0.009321241,0.027689762,-0.47769916,0.012082394,-5.628086,-0.009075564,0.0028428875,0.024916478,-0.46041572,0.013126342,-0.23809011,-0.005485067,0.0016829881,0.03878735,-0.4755947,0.011095967,-0.19934675,-0.012419958,0.00084915524,0.023003805,-0.5098581,0.0001909053,-0.009508461,-0.019410312,-0.0113195125,0.027312165,-0.47793183,0.004904668,-0.4941744,-0.009432731,0.016147967,0.025616199,-0.5158019,-0.003342682,0.7350103,-0.020190466,-0.0015322606,-0.013214717,-0.435266,0.004843521,-1.9863479,-0.018639196,0.009998065,-0.00914388,-0.4685389,0.009075948,-1.4572765,-0.012113557,0.021985948,0.007843682,-0.5025817,0.010069667,-2.1567378,-0.017808892,0.014910778,0.025673091,-0.43505988,0.0028863624,-21.11541,-0.029367078,0.011727157,0.014076181,-0.38283858,-0.016092222,-1.8907484,-0.04306687,-0.008769789,0.008264158,-0.40166292,-0.009389377,-0.8313299,-0.035463523,-0.0042318394,0.012058865,-0.4341554,-0.021905158,-0.78232527,-0.045004122,-0.020644719,0.015446803,-0.39297822,-0.021549027,-1.5381829,-0.047438785,-0.019602954,0.010002438,-0.39465424,-0.0140385935,0.5887671,-0.033931028,0.007184036,0.0072058607,-0.47376063,-0.008640519,0.3416507,-0.02474837,0.010971254,0.024499226,-0.49932218,-0.016590388,0.83040124,-0.022057217,0.019155,0.052256875,-0.5170621,-0.028619947,1.1562703,-0.040033985,0.006339172,0.056028605,-0.44677517,-0.023486998,0.8629106,-0.043784436,0.0017605629,0.06634218,-0.3373589,-0.023984334,-0.09354508,-0.040976085,-0.0016089156,0.05053042,-0.42605618,-0.017660173,0.17604399,-0.037274256,0.0025518853,0.045188893,-0.42369357,-0.0076675788,0.38956228,-0.027644495,0.0200095,0.06179703,-0.510709,-0.014298647,0.35201663,-0.022179374,0.0074019358,0.04804769,-0.4826851,-0.020927103,0.26301974,-0.03272606,0.0013385657,0.018674918,-0.3744779,-0.022026502,0.61641467,-0.038739298,-0.008360533,0.0063275914,-0.359249,-0.023588456,0.48821926,-0.041829426,-0.0071963375,-0.008042162,-0.31932074
2010-05-09,0.014176522,2.267641,-0.019228285,0.003500321,0.006394649,-0.22584099,0.00048173033,-0.5989788,-0.031396486,-0.0067457925,0.014610129,-0.22789744,-0.0039185146,-0.6735883,-0.028138733,-0.009873392,0.022695966,-0.36270714,-0.010168804,-0.2804549,-0.03774406,-0.020459507,0.011012554,-0.34209192,-0.017310087,0.016770259,-0.04368516,-0.020813234,0.025935281,-0.3279447,-0.020185668,1.9039787,-0.04452405,-0.022432197,0.023756385,-0.3234254,-0.006346753,0.12658672,-0.041768286,-0.013827452,0.058677055,-0.26634762,-0.004446332,0.06187371,-0.03913334,-0.00394303,0.059020046,-0.28500175,-0.02012543,-0.6841706,-0.05250945,-0.012299309,0.054059144,-0.24705082,-0.023920337,-0.5663153,-0.052685168,-0.0042495877,0.036738295,-0.21199748,-0.04233268,-0.9046711,-0.075100675,-0.029858137,0.016098656,-0.1725905,-0.039094307,0.13204485,-0.07152034,-0.030054983,0.0011687409,-0.22586948,-0.047056943,-0.06743586,-0.07660432,-0.039383538,0.010762169,-0.20991479,-0.051703267,0.2646644,-0.08547489,-0.05640156,0.0034207385,-0.17541513,-0.054979183,7.582881,-0.09492918,-0.05688457,0.0005691075,-0.11076911,-0.057470057,0.39720488,-0.0946323,-0.0558687,0.014557787,-0.120783016,-0.054521695,-0.33005595,-0.09351871,-0.04725943,0.03705134,-0.12832022,-0.0596274,-0.2123802,-0.10040831,-0.046014156,0.0388899,-0.11436091,-0.056812465,0.35351387,-0.09527657,-0.046489935,0.02367778,-0.14960587,-0.039211586,-0.81759095,-0.07520553,-0.014501776,0.06472435,-0.2945977,-0.033859648,-0.4114184,-0.06141519,-0.014205097,0.07187128,-0.56189996,-0.046540923,-0.8538929,-0.0631235,-0.022489578,0.06747639,-0.84465474,-0.060010485,-0.8144885,-0.076412015,-0.03853315,0.0839991,-0.7375829,-0.05960095,-0.6533921,-0.09237298,-0.04679136,0.08457649,-0.6035475,-0.0630112,0.011118479,-0.08682859,-0.06266856,0.061588354,-0.6299441,-0.06792459,-0.5578615,-0.09417057,-0.06866699,0.07685209,-0.4750753,-0.050171968,-0.1602673,-0.084182605,-0.050112978,0.114561796,-0.5167822,-0.04420552,0.17998302,-0.06813592,-0.036601454,0.080978155,-0.6540719,-0.041078545,-0.56884855,-0.07077967,-0.029978968,0.062393103,-0.60080224,-0.04233104,-0.6749119,-0.07701712,-0.035069227,0.03454177,-0.555457,-0.03956186,-0.45333755,-0.07713444,-0.024520565,0.004105878,-0.5938202
2010-04-28,-0.025897995,0.8249835,-0.029482584,-0.028430497,0.0073875524,0.12864515,-0.025674291,0.14901131,-0.036331043,-0.03153994,0.024168167,0.1356257,-0.02979767,0.3292794,-0.03586382,-0.039139103,0.0062832227,0.12885198,-0.038852364,0.4155848,-0.046807613,-0.046314485,-0.038195156,0.13510348,-0.04934979,0.52736115,-0.04993839,-0.054756492,-0.01549163,0.16483337,-0.0424823,3.0427136,-0.044710703,-0.04355103,-0.01185953,0.15769133,-0.04642337,1.3555664,-0.048770767,-0.049450845,-0.008182641,0.22255032,-0.048395377,1.4342755,-0.045729265,-0.053178273,0.010475043,0.22363137,-0.048755452,0.010887176,-0.046913102,-0.044794682,0.0089877,0.22215424,-0.05482704,0.2983779,-0.056059267,-0.06610993,-0.0044608945,0.26510385,-0.057717517,-0.29762942,-0.06385785,-0.06519941,0.01805805,0.26323947,-0.06457104,2.537512,-0.06781344,-0.08169543,0.0075646667,0.28448325,-0.06590356,1.9822286,-0.06847961,-0.08042669,0.0021738424,0.27936497,-0.07412214,2.5718603,-0.07317054,-0.08794246,-0.01840757,0.27723166,-0.072438344,23.598904,-0.07147072,-0.08748768,-0.012913791,0.285633,-0.06711318,2.4807286,-0.068811536,-0.082684085,-0.010658103,0.31275597,-0.06759052,0.9698194,-0.074273035,-0.082496926,-0.017054167,0.32504815,-0.06607241,1.0817397,-0.06818073,-0.07320952,-0.013158195,0.2700243,-0.061057094,2.0002663,-0.0663109,-0.067260005,-0.015768565,0.26916486,-0.058609493,-0.8474964,-0.060365893,-0.06613008,-0.0023670457,0.23367776,-0.06560904,-0.39640266,-0.0658164,-0.07809758,-0.015035188,0.2002901,-0.06822516,-0.9867953,-0.07513251,-0.09013125,-0.017312983,0.13981938,-0.068711564,-1.0768425,-0.07504052,-0.09066133,-0.00918824,0.18673758,-0.07007934,-0.8319506,-0.06750974,-0.08932033,0.0008501932,0.12615919,-0.062047318,0.3594942,-0.061288334,-0.082116015,-0.00016364455,0.15606765,-0.072162434,-0.074806266,-0.068032846,-0.09070767,0.0005725464,0.27248266,-0.071902186,0.25703266,-0.06592964,-0.08943736,0.016506553,0.25753286,-0.07629515,0.65205926,-0.07114096,-0.09300794,-0.012681534,0.24646014,-0.059552908,0.13681722,-0.065175846,-0.0787971,0.0038659559,0.20860428,-0.048639193,0.03924521,-0.049998954,-0.062904924,0.026930394,0.20136169,-0.037626542,0.0716749,-0.039205052,-0.046987735,0.027091641,0.11505652
2010-03-16,0.013446254,1.6296463,0.011931363,0.018674716,0.0065297503,-0.12913513,0.010332425,0.56705624,0.0058761593,0.011508925,0.015511885,-0.115898885,0.006387446,0.600734,0.0061395355,0.007036653,0.0028926544,-0.12670839,-0.00175477,0.48748803,-0.002557492,-0.001805798,-0.027444903,-0.1175102,-0.009991666,0.6976533,-0.0055013904,-0.0068443455,-0.007853321,-0.092645705,-0.007276514,2.1925638,-0.0029376047,-3.666617e-06,-0.010381854,-0.08196198,-0.007104617,1.2051121,-0.0019291257,-0.0018526668,-0.0007253373,-0.055378497,-0.007196838,1.2328303,0.0007637534,-0.0028880388,0.014397491,-0.035427757,-0.008778488,0.2042656,-0.0014638929,0.0027628718,0.013497051,-0.026574044,-0.01539123,0.38149676,-0.009835791,-0.012616477,0.006301265,0.030842785,-0.020756843,-0.0037763547,-0.01743741,-0.017286202,0.018484546,0.0318043,-0.02343987,2.2325647,-0.020652434,-0.027978608,0.0101789655,0.047259226,-0.025455646,1.7616252,-0.019983424,-0.029429045,0.007683376,0.043540772,-0.03068142,2.1673617,-0.022518342,-0.034426052,-0.010908661,0.037310686,-0.029599002,17.767042,-0.021254325,-0.03377825,-0.012375288,0.057123825,-0.02664312,2.06244,-0.01957912,-0.03138488,-0.0077747693,0.0765184,-0.026910594,0.99566257,-0.023744766,-0.028374892,-0.0053893747,0.076859936,-0.025105719,1.0382972,-0.018985067,-0.021362286,-0.0041739997,0.03856997,-0.021263424,1.700972,-0.01836203,-0.020268774,-0.0069556003,0.03396273,-0.017334117,-0.32643497,-0.011094288,-0.015935862,0.010617521,-0.005422905,-0.021379832,-0.043795854,-0.0122570675,-0.023131317,-0.0029038861,-0.08410684,-0.024354987,-0.52061003,-0.021142378,-0.03350246,0.00041211955,-0.17203149,-0.022278624,-0.69399816,-0.022292692,-0.03172852,0.009338025,-0.10831632,-0.024284922,-0.3753664,-0.016311508,-0.033342358,0.013290953,-0.15293084,-0.019854542,0.0699496,-0.012471801,-0.028833527,0.010006525,-0.14053032,-0.021830399,0.109584294,-0.01249966,-0.031913247,0.015963782,-0.07495981,-0.022254737,0.2166546,-0.008807674,-0.03062059,0.018892992,-0.09553176,-0.026072789,0.28277653,-0.015408523,-0.03378748,-0.0095069455,-0.100517385,-0.017797638,0.25067866,-0.011149462,-0.026184345,-0.0022385977,-0.10344439,-0.008727131,0.24295169,0.00017895922,-0.011125131,0.013488578,-0.11645437,-0.002495382,0.21355437,0.00682953,-0.0026001772,0.005967091,-0.15717638
2010-01-27,0.040618826,2.1751716,0.039434355,0.055621188,0.0032076985,-0.33491147,0.033469595,0.8532993,0.03326723,0.043488793,0.008176898,-0.3017565,0.030266035,0.6439092,0.034115538,0.043578934,-0.0010207342,-0.3248558,0.022278426,0.6050318,0.026591301,0.033283874,-0.022759441,-0.3228264,0.016964026,0.9121267,0.024791762,0.03194134,0.0021645622,-0.29825827,0.017156947,1.3190045,0.026234588,0.03651915,-0.0057669804,-0.2742434,0.019451436,1.4569092,0.029538017,0.03487047,0.005639556,-0.26468548,0.019058712,1.5193533,0.031891126,0.03515339,0.01805689,-0.23691137,0.017279914,0.36702886,0.029598817,0.04053364,0.018320845,-0.22307277,0.009287656,0.37644544,0.019556437,0.026095252,0.014355916,-0.14856382,0.0018673204,0.20514044,0.010621315,0.018606998,0.021087,-0.1374183,0.0008948799,2.1040914,0.0074529946,0.007681773,0.013436589,-0.12093742,-0.0023974348,1.7198714,0.0077845696,0.005667939,0.010875756,-0.11808354,-0.0064431145,2.0361648,0.0073508136,0.0028106938,-0.006030066,-0.13637331,-0.0055344934,14.532831,0.008449616,0.0042655235,-0.011668615,-0.109354295,-0.0061043976,2.0542536,0.0066903774,0.0025483156,-0.004299877,-0.08916718,-0.004742995,1.1398239,0.004210921,0.008574134,0.0017615017,-0.106138855,-0.0014530886,1.1601589,0.011038708,0.014896823,0.0018840143,-0.14964692,0.001613535,1.8089074,0.009368034,0.012948117,-0.0017493824,-0.15281002,0.0075619165,0.049521185,0.020371722,0.019795371,0.018191453,-0.19896121,0.0063948743,0.25049037,0.023811541,0.0137282405,0.0030917516,-0.31289327,0.002467513,-0.22847739,0.010323614,0.0011617346,0.007629657,-0.3919591,0.0029585809,-0.42860448,0.007674221,0.0024641417,0.016592186,-0.30075818,0.0010000654,-0.013226658,0.014145926,-0.00043182168,0.020455733,-0.34391987,0.0053469725,-0.3148958,0.018650647,0.0061469823,0.014946763,-0.3498535,0.008202046,0.23241687,0.023505297,0.0056977347,0.025130276,-0.31574905,0.0056073144,0.26242468,0.026302643,0.0051554125,0.016080763,-0.33371913,0.001109818,0.41322672,0.017686415,0.0006090421,-0.011547009,-0.33757904,0.004131861,0.31787986,0.019546907,0.0020374972,-0.007885551,-0.3092701,0.01415891,0.29389066,0.030769486,0.017681204,0.011281589,-0.32613474,0.017354604,0.46146274,0.035513718,0.021577872,0.0034538936,-0.33116412
2009-12-16,0.04368922,2.1160135,0.041509237,0.060501665,0.012884175,-0.36552602,0.036763515,0.7868292,0.035591297,0.047566067,0.017031457,-0.3331213,0.03357527,0.6274591,0.03616453,0.047323722,0.011966708,-0.36045402,0.026547208,0.58230555,0.029810656,0.037870064,-0.0003625136,-0.3546763,0.021896638,0.7975194,0.02805658,0.03775561,0.020411715,-0.33505893,0.021764375,0.9842255,0.029028809,0.041644614,0.009654845,-0.30966198,0.025207384,1.3518596,0.0341204,0.041356154,0.021142518,-0.30060142,0.025225725,1.3820808,0.03595151,0.043782912,0.028471239,-0.27726778,0.02391552,0.40248075,0.034308087,0.048467275,0.032171655,-0.26342422,0.016369812,0.37439862,0.025225729,0.036658287,0.028390668,-0.19384009,0.00816912,0.32261044,0.015928075,0.027778769,0.029672576,-0.18011633,0.008071263,1.4508033,0.0133822635,0.019693581,0.02251775,-0.16880533,0.005037832,1.2225782,0.013394374,0.01668142,0.021815639,-0.1656039,0.0021055276,1.3390744,0.013799362,0.014997641,0.009502939,-0.18195182,0.0024376474,8.405451,0.0136145,0.015807573,0.003388464,-0.15255234,0.0011888761,1.3704835,0.01177568,0.013294012,0.0100123845,-0.13637751,0.0021143258,0.84543216,0.008913718,0.018607412,0.01666976,-0.14883946,0.0041194316,0.87753177,0.014702814,0.023308706,0.016895108,-0.18692017,0.0070744343,1.2216733,0.013129042,0.02222626,0.015754877,-0.18985488,0.012222968,0.17885032,0.02267378,0.028312204,0.033927273,-0.23271193,0.011853866,0.29560944,0.026704725,0.022554228,0.020398717,-0.3522761,0.008673875,0.0019628108,0.015123315,0.012569617,0.02656889,-0.43619987,0.010041669,-0.14633118,0.013009198,0.015271351,0.036214143,-0.3594122,0.0074416306,0.13633077,0.01870161,0.012159418,0.039268196,-0.39002445,0.011259425,-0.37975594,0.02200476,0.018099567,0.03383736,-0.39637616,0.014814556,0.23941073,0.028025392,0.018306522,0.044991683,-0.37116712,0.010476306,0.29622677,0.029137772,0.015593184,0.03533931,-0.3778469,0.0062961634,0.38361531,0.021720346,0.011615006,0.008639023,-0.3895368,0.010028103,0.37113297,0.023214161,0.013630569,0.012333474,-0.35414302,0.019012151,0.42845535,0.033308405,0.028409824,0.030580968,-0.3751008,0.022174463,0.5136049,0.037079755,0.032203604,0.02643393,-0.375101
2009-11-04,-0.04888218,-0.14066362,-0.052924052,-0.063539125,-0.027550265,0.31475738,-0.04692577,-0.38022506,-0.056846842,-0.05951079,-0.011308797,0.30091232,-0.048959542,0.012213901,-0.051806666,-0.06601883,-0.02163434,0.23429313,-0.050819654,-0.09501699,-0.060652178,-0.06344752,-0.06267807,0.23563981,-0.05869981,0.10006307,-0.062235303,-0.07316046,-0.04233521,0.2532781,-0.05746641,2.639373,-0.0607974,-0.06751928,-0.035835814,0.23889463,-0.059186928,0.537174,-0.068457164,-0.0697373,-0.031836882,0.29615796,-0.06370783,0.55175316,-0.06790793,-0.07593245,-0.0140875755,0.28456023,-0.06680617,-0.6197536,-0.0720548,-0.07327697,-0.020308089,0.28083202,-0.068668336,-0.33812165,-0.071857356,-0.07914211,-0.020844188,0.2725393,-0.06412301,-0.9168074,-0.07135927,-0.07519147,0.006211035,0.25856817,-0.069767796,2.1853123,-0.076760866,-0.08665092,-0.0037772032,0.268313,-0.07327553,1.5056223,-0.07862061,-0.08649936,-0.00942386,0.29264835,-0.08015009,2.1101685,-0.082462415,-0.09145316,-0.02869626,0.29556745,-0.07447417,23.940865,-0.07675374,-0.08470312,-0.013646025,0.25927103,-0.071378514,2.3940697,-0.07046158,-0.07954133,-0.009988428,0.27003577,-0.068987474,0.7038108,-0.07291045,-0.07786266,-0.014931534,0.29354164,-0.068276465,0.7378506,-0.07205669,-0.07121942,-0.008948915,0.28668228,-0.06340186,1.9762121,-0.06759168,-0.07052734,-0.009505956,0.2697011,-0.06123457,-1.1976985,-0.0625575,-0.06480419,0.0052119372,0.22989322,-0.06857662,-0.79244447,-0.068095975,-0.07394588,0.008202093,0.23313531,-0.078258626,-1.3909398,-0.07891215,-0.09040752,-0.0044556446,0.17548588,-0.07590664,-1.5630168,-0.07664873,-0.08659804,0.005003428,0.17226183,-0.082179084,-1.1908925,-0.08606728,-0.09249598,0.0060188435,0.1981112,-0.080740124,0.2720822,-0.082139164,-0.09599047,0.0107589215,0.25291795,-0.08475597,-0.32950523,-0.08693285,-0.094232626,0.009065567,0.36474866,-0.084733896,-0.14887168,-0.086407885,-0.09184038,0.026568914,0.3465943,-0.08503809,0.04351312,-0.088636085,-0.092455894,0.009743357,0.34208867,-0.07716487,-0.21632427,-0.08614516,-0.08328477,0.00033315644,0.3084004,-0.07606525,-0.3863014,-0.08516702,-0.086901225,0.0014904141,0.32936954,-0.070751056,-0.24483626,-0.080144174,-0.07644569,-0.0082103945,0.25081912
2009-09-23,-0.043324273,0.04809657,-0.04804252,-0.055182748,-0.025792744,0.24798757,-0.042611927,-0.2723804,-0.052481852,-0.051149063,-0.011912931,0.23734583,-0.044376373,0.004048258,-0.047863044,-0.055302475,-0.021805633,0.16681615,-0.046872538,0.009716079,-0.05695182,-0.054372177,-0.05966064,0.17098969,-0.05387896,0.20142789,-0.058677103,-0.06320684,-0.03968547,0.19018233,-0.05303752,2.159443,-0.057814844,-0.058362003,-0.032523826,0.17858069,-0.054421857,0.6759976,-0.06508184,-0.060375106,-0.026491968,0.22957726,-0.058621064,0.7259842,-0.064467534,-0.065992825,-0.011395567,0.21602573,-0.06262635,-0.4932354,-0.069781825,-0.06495803,-0.018819481,0.21868108,-0.06402911,-0.28857082,-0.06950606,-0.06909358,-0.019361038,0.2092774,-0.06040643,-0.73101246,-0.06966984,-0.06597837,0.005074347,0.20372587,-0.06522821,2.0898035,-0.07434481,-0.07761596,-0.0051824115,0.2161412,-0.06917058,1.4633331,-0.07664941,-0.07746892,-0.0105225565,0.23888937,-0.0757802,2.0154192,-0.080397405,-0.082497254,-0.028532537,0.24130835,-0.07128739,21.74537,-0.07613218,-0.076300226,-0.015915211,0.21026246,-0.07054719,2.3691201,-0.07284725,-0.07377706,-0.011811293,0.22963144,-0.06706562,0.7607329,-0.0733873,-0.070626594,-0.014420335,0.23667529,-0.06618238,0.7962309,-0.07271908,-0.064678445,-0.00895144,0.22552797,-0.061882682,2.0082626,-0.06859892,-0.06530706,-0.011316155,0.20686483,-0.05872406,-0.9735499,-0.062357746,-0.058799714,0.00334258,0.16404197,-0.06486985,-0.5199263,-0.06650637,-0.066573605,0.008687369,0.14823516,-0.07463619,-1.1416883,-0.07878411,-0.08314072,-0.005591534,0.092679866,-0.07430358,-1.2924469,-0.07724324,-0.08125274,0.005355726,0.102230385,-0.080984555,-0.8788862,-0.08778605,-0.08836894,0.007847672,0.13455373,-0.08076157,0.6929549,-0.08439201,-0.093187,0.011542816,0.1795579,-0.08552767,-0.12862834,-0.09049378,-0.093246005,0.00870166,0.2933437,-0.08327173,0.05818615,-0.088337354,-0.089327216,0.028159127,0.2693513,-0.083745584,0.32479495,-0.09083163,-0.09037525,0.010605402,0.26135522,-0.0772468,-0.1272898,-0.09031838,-0.08209859,-4.607346e-05,0.24276099,-0.07520983,-0.29228997,-0.08792433,-0.08563817,-0.00064595323,0.26143137,-0.070932,-0.04622744,-0.08353576,-0.07466898,-0.01100862,0.19376975
2009-08-12,-0.04368733,0.0723283,-0.049131542,-0.05620952,-0.025862802,0.26626948,-0.043136854,-0.33822924,-0.05385895,-0.051889252,-0.011131216,0.24937777,-0.04525262,-0.024818763,-0.049194284,-0.056712013,-0.018614106,0.17894086,-0.046702314,-0.016179375,-0.05716145,-0.05440514,-0.05519369,0.18059525,-0.053830706,0.19087209,-0.059425622,-0.06330217,-0.037444614,0.19598505,-0.053901333,2.372548,-0.059488744,-0.059814982,-0.030948251,0.18421263,-0.053681538,0.56752825,-0.065567106,-0.05964722,-0.022642406,0.23023938,-0.05683066,0.594529,-0.06426842,-0.06360274,-0.0083043035,0.21433334,-0.061323054,-0.532313,-0.07037948,-0.06378842,-0.01551302,0.22092228,-0.062309157,-0.32391307,-0.06911316,-0.06566023,-0.014504059,0.20821215,-0.05840186,-0.77720827,-0.0682027,-0.06300461,0.009209521,0.19743347,-0.06282998,1.9175603,-0.072970256,-0.07299581,-0.0016034376,0.2066763,-0.06749693,1.3012925,-0.076031044,-0.07480281,-0.0061207227,0.2344259,-0.07355061,1.8267765,-0.07967113,-0.07967125,-0.02291429,0.2387589,-0.068939134,20.44146,-0.0757084,-0.07328782,-0.009853676,0.20671722,-0.06784773,2.1929088,-0.07142453,-0.070042215,-0.005287162,0.22657461,-0.06448397,0.6575401,-0.07169439,-0.06673768,-0.00613012,0.23517528,-0.063648604,0.6919511,-0.07232543,-0.060919322,-0.0010082368,0.22889918,-0.059132777,1.8835582,-0.066809505,-0.062088173,-0.0025496436,0.20402528,-0.0562526,-0.949458,-0.061528713,-0.05567877,0.013195321,0.16222157,-0.061507367,-0.49180114,-0.06487854,-0.061941773,0.02124549,0.1352623,-0.07161426,-1.0882092,-0.076900095,-0.078294285,0.005306755,0.06571446,-0.07063995,-1.2469248,-0.07459385,-0.07573181,0.017268037,0.06782548,-0.07835048,-0.8380257,-0.087904595,-0.08407043,0.017784132,0.1156839,-0.0802279,0.7612996,-0.08608059,-0.09173007,0.021045297,0.16672584,-0.084601074,-0.12059011,-0.09265645,-0.09143897,0.020746082,0.28151643,-0.082099065,0.049235098,-0.09055345,-0.08726827,0.044105805,0.26616865,-0.08127418,0.24686664,-0.09198175,-0.086190715,0.025066793,0.24823856,-0.07534638,-0.1585162,-0.09109913,-0.07754053,0.01226286,0.2316817,-0.07388155,-0.30047357,-0.08952711,-0.08204377,0.008866376,0.24673045,-0.06996347,-0.024090007,-0.086321585,-0.07040558,-0.0055941623,0.17478529
2009-06-24,-0.052350085,-0.16056445,-0.058513403,-0.06533058,-0.026499584,0.3235266,-0.050953016,-0.47501254,-0.06339472,-0.062090818,-0.009641634,0.31228083,-0.053387687,-0.20165199,-0.058841124,-0.067689285,-0.016985796,0.23873562,-0.053411223,-0.0014743358,-0.0653845,-0.06344286,-0.053952772,0.22829148,-0.06101285,0.17485039,-0.06718682,-0.07230787,-0.032609157,0.24202687,-0.060036417,2.4959614,-0.06714411,-0.06748662,-0.026200715,0.22409014,-0.060317703,0.77641827,-0.07349645,-0.06781496,-0.020900538,0.28834248,-0.064458326,0.85329145,-0.07237398,-0.071153715,-0.0044076545,0.2593981,-0.06808095,-0.53485084,-0.077301644,-0.069990575,-0.008555694,0.26020628,-0.06912249,-0.37558585,-0.07635784,-0.07346279,-0.0085723335,0.24505328,-0.06491696,-0.79249436,-0.075692385,-0.06987181,0.016013425,0.23510507,-0.07000227,1.9164732,-0.08096386,-0.081565216,0.0046119317,0.24604574,-0.0753905,1.2978654,-0.08567559,-0.083548345,-0.0012646969,0.28357235,-0.08190184,1.8248296,-0.088903636,-0.08814793,-0.016133374,0.28125668,-0.07660967,20.638523,-0.08451287,-0.081776805,1.6760547e-05,0.24810532,-0.07561773,2.2501125,-0.080454215,-0.07933869,0.0017489651,0.27668366,-0.07190496,0.6146927,-0.080796376,-0.07638477,-0.0031914748,0.28944686,-0.07133246,0.70451313,-0.0807911,-0.07032585,0.0038986509,0.27459717,-0.06569291,1.9993826,-0.07427113,-0.06939124,0.0048010265,0.24393442,-0.063157156,-1.0043747,-0.06868219,-0.06253165,0.01972435,0.20099778,-0.067825444,-0.4741888,-0.07077323,-0.07109259,0.028937377,0.18138215,-0.078441896,-1.0967197,-0.08529399,-0.089521825,0.012740496,0.12521803,-0.07771426,-1.1921191,-0.082142174,-0.085460246,0.025691696,0.1181445,-0.08525721,-0.82120526,-0.09472008,-0.09334721,0.026045773,0.16663319,-0.085023426,0.4405265,-0.09172222,-0.097802736,0.030081935,0.22709772,-0.09075409,-0.19052078,-0.09861928,-0.0990248,0.032224603,0.3606757,-0.09218501,0.1067859,-0.10054621,-0.09792095,0.056216106,0.36591887,-0.09194105,0.50549465,-0.10150599,-0.09674204,0.03293161,0.33782646,-0.082693264,-0.14316517,-0.09950857,-0.08682208,0.022342615,0.3195885,-0.08006493,-0.356066,-0.09688231,-0.09024312,0.02588582,0.32624373,-0.07398761,0.12468968,-0.09285011,-0.07722078,0.015224851,0.23802507
2009-04-29,-0.063524246,-0.44111285,-0.07152237,-0.08260017,-0.028915364,0.39210483,-0.062147807,-0.6645432,-0.076024756,-0.07802023,-0.012075994,0.37780005,-0.06356788,-0.408345,-0.07026522,-0.084212735,-0.020132583,0.30475363,-0.0648569,-0.27956715,-0.07848091,-0.0805876,-0.06512316,0.2984046,-0.07251768,-0.030973457,-0.08012238,-0.090140514,-0.042311236,0.3119945,-0.07123819,2.6729991,-0.07929635,-0.08504483,-0.034074917,0.29435742,-0.07312773,0.48659122,-0.088383205,-0.08749134,-0.029606784,0.3622464,-0.07853511,0.5578515,-0.08807234,-0.09391103,-0.010755924,0.34261185,-0.08311336,-0.8306532,-0.09366822,-0.09275736,-0.017807808,0.3432852,-0.08382144,-0.6002728,-0.09274896,-0.096908286,-0.019095648,0.3318335,-0.078720696,-1.1287336,-0.09169772,-0.09140145,0.0099356435,0.31455776,-0.08475403,2.149665,-0.09730621,-0.104113646,-0.00053399336,0.32162437,-0.08976152,1.4015974,-0.10103326,-0.10506074,-0.0079072835,0.3538639,-0.09710178,2.0896726,-0.10557634,-0.1115202,-0.026123272,0.35581732,-0.09088032,25.125427,-0.09989108,-0.10405521,-0.007827375,0.31726447,-0.08789784,2.4517603,-0.0940496,-0.099306956,-0.0053408714,0.3308063,-0.08503476,0.56634796,-0.09502887,-0.09738032,-0.01279715,0.3549728,-0.08453555,0.6379795,-0.095826015,-0.090767,-0.005468445,0.34697843,-0.078867786,2.111605,-0.08885216,-0.08897394,-0.006682302,0.324243,-0.075707324,-1.3644413,-0.08256758,-0.08097232,0.01077402,0.27901626,-0.08176503,-0.841068,-0.0870457,-0.090206176,0.019440994,0.28095117,-0.09394511,-1.5578371,-0.1015341,-0.109531954,0.0027838983,0.23090419,-0.09647858,-1.6642648,-0.10161671,-0.11073697,0.010791799,0.24003652,-0.10168097,-1.2326472,-0.11380148,-0.11551346,0.012980206,0.27824095,-0.10197382,0.30113196,-0.110363886,-0.12175063,0.016861428,0.34248346,-0.108106926,-0.43928462,-0.11746295,-0.121671446,0.019757874,0.4698604,-0.10572683,-0.15776792,-0.116271816,-0.116351046,0.05410879,0.46109304,-0.1051445,0.19587016,-0.11634714,-0.11398345,0.02864695,0.4336904,-0.095964976,-0.42446667,-0.113726616,-0.10403838,0.016726404,0.40249208,-0.09328727,-0.61619717,-0.111144334,-0.10771785,0.018387832,0.41656744,-0.08730667,-0.2108506,-0.10720354,-0.09424751,-0.0009467341,0.3274556
2009-03-18,-0.04744802,-0.5853766,-0.048552137,-0.064861625,-0.037671115,0.3278884,-0.043399576,-0.6937596,-0.048612446,-0.056646734,-0.024057092,0.30024362,-0.043310743,-0.4732959,-0.04147651,-0.062352203,-0.033143423,0.23680526,-0.04512854,-0.53601587,-0.050276395,-0.058761477,-0.07637138,0.23397464,-0.052584015,-0.26111928,-0.051914606,-0.06880533,-0.058307324,0.25051346,-0.054607816,2.2621174,-0.053414546,-0.066941276,-0.052368622,0.24871604,-0.056510665,-0.041801523,-0.061427478,-0.069826424,-0.04798931,0.28954035,-0.06092816,0.01144986,-0.060294066,-0.07860694,-0.028516684,0.28694522,-0.065234624,-1.0211447,-0.06545624,-0.07753177,-0.03491289,0.29397443,-0.06579852,-0.7611713,-0.063465856,-0.078443356,-0.033651482,0.28814608,-0.05701054,-1.3789845,-0.057088286,-0.07208541,-0.0018563131,0.2492806,-0.06183154,1.9955478,-0.06409767,-0.08075899,-0.011950843,0.2498663,-0.064641245,1.2427201,-0.064082384,-0.08125859,-0.017224576,0.2776102,-0.069704026,2.013014,-0.066446856,-0.08557019,-0.038308352,0.27898923,-0.062575445,25.817274,-0.059364296,-0.07726249,-0.02129547,0.23717543,-0.057580728,2.2984157,-0.049928404,-0.06973259,-0.017120048,0.21809922,-0.05623937,0.39590168,-0.052428827,-0.06706506,-0.02662946,0.2569155,-0.05579044,0.44501442,-0.053666495,-0.06072832,-0.023343459,0.27532175,-0.04945415,1.9086171,-0.045714274,-0.060545538,-0.022164144,0.25002792,-0.048231103,-1.5390133,-0.0410337,-0.054097652,-0.0063168574,0.21966855,-0.05672679,-1.2027283,-0.05052876,-0.06300843,-0.0009976588,0.26659837,-0.06822261,-1.8209436,-0.059799686,-0.080617376,-0.0134016,0.20836931,-0.06735523,-1.9345134,-0.060821485,-0.081031546,-0.007825205,0.21609169,-0.07286395,-1.6284344,-0.07362168,-0.08636074,-0.010483235,0.25908902,-0.076491,-0.27363876,-0.07346116,-0.097058974,-0.0063576326,0.3280312,-0.076685905,-0.9627815,-0.07544953,-0.08922791,-0.0065133246,0.39889047,-0.07362977,-0.92541593,-0.07141268,-0.08244444,0.016561534,0.37682006,-0.073461145,-0.6822039,-0.07131085,-0.08132317,-8.696597e-05,0.38006058,-0.068262406,-0.837087,-0.069046535,-0.07468499,-0.020503143,0.36324838,-0.0716028,-1.0468098,-0.07347305,-0.08326084,-0.026175195,0.39732754,-0.06713659,-0.6604789,-0.068914816,-0.074932314,-0.05040691,0.33224797
2009-01-28,0.069801204,2.8036582,0.04351912,0.10623938,0.105514824,-0.58588374,0.05664232,-0.18968338,0.028885381,0.08582849,0.12146258,-0.58018106,0.050227437,0.59109795,0.028997974,0.07898842,0.1626163,-0.6336482,0.046799548,0.50543517,0.030998904,0.07380728,0.2074121,-0.61339664,0.043396696,0.25923407,0.023252644,0.08325703,0.19604602,-0.62197524,0.040547226,1.5312408,0.02140698,0.07876443,0.16024432,-0.5937487,0.06518074,0.89476395,0.047857955,0.097825274,0.18983683,-0.58622843,0.075789094,0.4350698,0.05681603,0.12932377,0.15296632,-0.61856735,0.07608564,0.16916063,0.05581788,0.12758307,0.17624961,-0.5791438,0.069304794,0.08147689,0.049035665,0.13277788,0.15879378,-0.52469724,0.049835645,0.38263342,0.03159823,0.110197626,0.11893995,-0.5173578,0.053582687,-4.2534676,0.034137607,0.11955659,0.10906367,-0.55112606,0.044856034,-3.2000976,0.021066207,0.09520791,0.125248,-0.51346606,0.04835729,-4.5822315,0.026799597,0.09476897,0.14772102,-0.5197936,0.04093364,-38.72303,0.008133939,0.087206654,0.13478427,-0.43112037,0.038090963,-4.1450496,0.00655753,0.08497341,0.15090822,-0.4326812,0.035790525,-1.7168522,0.00021688081,0.08909599,0.17675787,-0.42215908,0.032064997,-1.6172645,0.0032554846,0.089579776,0.17633176,-0.45244417,0.037041076,-3.5327678,0.007286301,0.09430874,0.19107908,-0.48860818,0.038866214,0.61149305,0.007413624,0.09452272,0.21066707,-0.5301491,0.048004046,0.05226171,0.020889029,0.09074399,0.21270604,-0.8553759,0.05384575,1.1389146,0.024210773,0.09967076,0.21293859,-1.1049281,0.050111923,1.1283131,0.025056124,0.0989912,0.2294789,-1.0786943,0.039903186,0.4659115,0.017236806,0.091304764,0.2249393,-0.9705827,0.03410055,-0.17013258,0.0062046982,0.08162456,0.20680341,-0.9812511,0.027691264,0.004638061,0.0031773709,0.06963002,0.22398394,-0.92760444,0.018054493,0.24227574,-0.0072040427,0.050061636,0.22150107,-0.81080896,0.025831213,-0.148829,0.008091982,0.06725058,0.21416457,-0.9977848,0.04120513,0.12888722,0.0060241073,0.080551356,0.23152602,-0.9050333,0.040169686,0.9049989,0.0065864287,0.08489729,0.23406841,-0.9312811,0.046537347,0.34203625,0.008904617,0.100802265,0.25631818,-0.94549304
2008-12-16,0.101372115,3.135521,0.08034904,0.14497343,0.09100152,-0.77386284,0.08712827,0.055680074,0.06849724,0.12417813,0.101135686,-0.76181227,0.082415655,0.5613632,0.06905424,0.123528376,0.14003822,-0.81062764,0.07879333,0.56718504,0.07317298,0.117040075,0.19012237,-0.80261034,0.0771246,0.470738,0.065453745,0.12818976,0.17822993,-0.8022791,0.070697024,0.6189587,0.060363755,0.120284356,0.14182533,-0.76070637,0.09661374,1.0691503,0.08916639,0.1393997,0.1730682,-0.78330636,0.10789053,0.66288143,0.09949991,0.16988759,0.13617536,-0.81515867,0.1067175,0.22499135,0.09757616,0.16667213,0.15911321,-0.75952506,0.09990604,-0.017858468,0.090102755,0.17535654,0.14364685,-0.6904143,0.08170516,0.39481372,0.076434225,0.15154298,0.10124873,-0.6794739,0.088047706,-4.2350116,0.07789919,0.1618467,0.09023548,-0.71614784,0.07911351,-3.137089,0.066658705,0.13767508,0.10777719,-0.6795714,0.08459905,-4.4584026,0.07516749,0.13918345,0.12868452,-0.69534814,0.07731669,-39.086525,0.0568102,0.1318617,0.11087703,-0.59282225,0.071163,-3.8538418,0.05169977,0.12584569,0.12825704,-0.5988102,0.07079373,-1.5391607,0.048269227,0.13545474,0.15368788,-0.61069524,0.06854679,-1.4545323,0.053553283,0.13564205,0.14888903,-0.6374294,0.07480541,-3.1627867,0.05711493,0.1371014,0.16419925,-0.6854585,0.07756007,0.823454,0.061763696,0.14000876,0.1849148,-0.724235,0.08793009,0.11774886,0.07549393,0.13720614,0.18398212,-1.0468202,0.09354343,1.2053804,0.07597388,0.14309447,0.18640903,-1.2963574,0.08812307,1.1382253,0.07490051,0.14159362,0.2006533,-1.2354481,0.07868162,0.47178465,0.0662414,0.13151881,0.19292839,-1.1072155,0.06973758,-0.8892386,0.052998353,0.12007012,0.17128424,-1.1272451,0.06906004,-0.2642155,0.054357063,0.11171871,0.1877762,-1.1119287,0.058247507,-0.17559156,0.044876643,0.09246171,0.17040226,-1.0047354,0.065061025,-0.39487824,0.058553554,0.109081395,0.16302072,-1.1772941,0.07472931,-0.11475611,0.05581758,0.11658568,0.17239356,-1.0387709,0.07247788,0.5838791,0.053544145,0.11913595,0.17420056,-1.0536981,0.0758017,0.3652094,0.0557548,0.12924962,0.18909371,-1.0381912
2008-10-29,0.11984147,2.2784586,0.109649315,0.18228939,0.109714575,-1.0975559,0.11107833,0.7252438,0.10913081,0.16156942,0.09735624,-1.0437324,0.112565085,0.43025857,0.10879656,0.17428045,0.14560868,-1.1554321,0.11656928,0.9987716,0.11626315,0.1701078,0.2679234,-1.1245084,0.12842062,0.17171182,0.11854426,0.19321398,0.24553533,-1.1592418,0.118054375,-5.8010273,0.10864921,0.18091254,0.1939298,-1.0943736,0.13846712,1.0282917,0.14027853,0.19633716,0.21238394,-1.1471351,0.14815119,0.89989144,0.1418167,0.22978789,0.14954823,-1.1948729,0.1529041,1.7036451,0.14672115,0.22424036,0.1935139,-1.1560452,0.15022764,0.70522946,0.14788121,0.24897698,0.20288967,-1.1492184,0.13393061,2.6545691,0.13597445,0.22302268,0.13337004,-1.089766,0.14540868,-6.9578075,0.13890578,0.24608429,0.13046007,-1.1150028,0.14294407,-4.8179946,0.1315284,0.23181896,0.15348236,-1.0814868,0.15443216,-7.3192825,0.14435813,0.24611512,0.205855,-1.0778085,0.1426642,-76.68655,0.12242571,0.23768796,0.17987198,-0.99757564,0.120555624,-6.779,0.10661271,0.21257362,0.18538685,-0.9940029,0.122346535,-2.202508,0.10491342,0.21631527,0.20835616,-1.0197847,0.112863064,-2.0118945,0.10375293,0.19949026,0.20485839,-1.027476,0.11141753,-5.375304,0.09935713,0.19937278,0.22946553,-1.0448537,0.10697428,3.1133528,0.094591446,0.19361424,0.21251091,-1.0411731,0.123944685,2.3835444,0.11610744,0.1993333,0.22544578,-1.2869036,0.1321675,4.2542477,0.11948175,0.21926084,0.24298652,-1.3614924,0.14078522,4.8002996,0.12604319,0.2365194,0.27100486,-1.4263551,0.12481122,3.6153557,0.12032884,0.22183259,0.26781756,-1.2948076,0.12036495,0.31818825,0.109129414,0.22084841,0.25681856,-1.3665695,0.13400848,1.1833838,0.12638879,0.2248434,0.27114585,-1.4775081,0.10962339,1.3062167,0.108581536,0.19500421,0.22396326,-1.3384242,0.107239835,1.3895617,0.11041862,0.18644994,0.23181,-1.4014331,0.10726723,1.4232345,0.09669832,0.18457842,0.2321226,-1.208571,0.105174,2.1670685,0.09578231,0.18526778,0.25165555,-1.284074,0.10480798,2.268905,0.090451956,0.18873952,0.30704325,-1.1942452
2008-10-08,0.10329277,1.8223666,0.08444597,0.16138802,0.11246895,-0.94284797,0.09247671,-0.078955404,0.081507325,0.13994075,0.10776572,-0.91021526,0.092831194,-0.058762312,0.082480624,0.1471439,0.1658841,-1.0213493,0.0987953,0.44409788,0.092470594,0.14861088,0.28217843,-0.9998498,0.10936907,-0.29359674,0.09202047,0.17102678,0.2575724,-1.0385303,0.098463565,-4.419214,0.08309835,0.1572182,0.20514283,-0.9768777,0.12306483,0.4292118,0.1144391,0.17549491,0.22537076,-1.0176531,0.13165623,0.17326355,0.116260655,0.21074574,0.1577025,-1.072378,0.13541241,0.8914317,0.12001336,0.20374139,0.20121735,-1.0276511,0.13280219,0.047933467,0.120956115,0.2298616,0.20446476,-1.0206295,0.115962766,1.7302442,0.10906175,0.20442538,0.13596085,-0.9776216,0.1265647,-7.737594,0.11289304,0.22833796,0.13142844,-1.0250486,0.121058725,-5.667263,0.1015656,0.20811908,0.15386139,-0.97920287,0.13292159,-8.114104,0.11523883,0.2214539,0.20653175,-0.9814712,0.123697296,-76.46363,0.09418843,0.21527496,0.18765278,-0.9111315,0.10595438,-7.376807,0.08262868,0.19654098,0.19816424,-0.93255824,0.106189385,-2.8802729,0.07987549,0.20000839,0.22156963,-0.9328992,0.097297624,-2.7026541,0.077963345,0.18541686,0.21819097,-0.928667,0.09680173,-5.968923,0.075931,0.1876408,0.244412,-0.94996065,0.09369138,2.290917,0.07194526,0.18256092,0.23729044,-0.9511737,0.11050907,1.3916765,0.09195858,0.1854848,0.2526096,-1.2152185,0.11686954,3.311049,0.095879205,0.20276009,0.26112747,-1.3376218,0.11912525,3.8282146,0.099848166,0.21308708,0.28142166,-1.394728,0.10459155,2.588998,0.08757894,0.20111212,0.27662894,-1.2250264,0.096294686,-0.6181879,0.073393,0.19298665,0.2617358,-1.2729138,0.107643634,0.34601277,0.08942561,0.1974736,0.2825141,-1.3730111,0.08362963,0.5249617,0.068661764,0.16533478,0.24959047,-1.209408,0.08721276,0.5511326,0.079554245,0.17002252,0.25792754,-1.3413467,0.08998736,0.58245397,0.06735964,0.16960067,0.25660026,-1.1556526,0.083204485,1.4015918,0.060132917,0.16377375,0.26565897,-1.2045531,0.08263207,1.4141606,0.053149592,0.16780509,0.3139736,-1.1196721
2008-09-16,0.08498999,2.8096416,0.059866793,0.124695316,0.11438546,-0.74216145,0.07038919,0.0445463,0.047661312,0.10111,0.119106114,-0.7235455,0.06464602,0.49516097,0.045316733,0.097845964,0.16313638,-0.7758704,0.061977655,0.44510114,0.049133755,0.090890944,0.22977902,-0.7348688,0.06278042,0.073868185,0.042462736,0.10452347,0.20626333,-0.75960946,0.057308357,-0.28239214,0.039126,0.09595124,0.16726659,-0.71072334,0.0819429,0.44760162,0.068071395,0.11597023,0.2009424,-0.7471858,0.09334619,0.012618581,0.07337746,0.14750314,0.15330124,-0.76088995,0.09249415,0.48236284,0.07074172,0.14115508,0.18035772,-0.7058307,0.08645875,0.22854644,0.065719835,0.15315616,0.16744027,-0.6531935,0.06438249,1.0117084,0.047394317,0.125557,0.114082806,-0.6248569,0.07135647,-5.073964,0.052095287,0.14222008,0.10660473,-0.6689868,0.06645155,-3.8132024,0.043982986,0.12187347,0.12900381,-0.6632936,0.07340988,-5.4674215,0.05002444,0.12491813,0.15903078,-0.6521513,0.064462006,-49.5259,0.030168494,0.11732528,0.14025989,-0.56640244,0.058266144,-5.1945033,0.026169356,0.11146219,0.15631552,-0.58175164,0.055896897,-2.0418632,0.022205647,0.11427362,0.1866965,-0.58358705,0.049898066,-1.9547883,0.019676952,0.108560316,0.18225971,-0.5939506,0.051350836,-4.3964477,0.021491,0.11237695,0.19460556,-0.608128,0.053040043,1.2564131,0.020555845,0.11152064,0.20871621,-0.64201504,0.065205485,0.55632615,0.035684373,0.11441002,0.21328478,-0.96005464,0.07173756,1.877741,0.042412348,0.13038543,0.22277361,-1.1905774,0.069197804,2.057609,0.040757287,0.1296236,0.23771353,-1.1617917,0.060497142,1.2959136,0.034052122,0.122846305,0.24008161,-1.0486541,0.051160697,-0.0016632229,0.020538066,0.111349456,0.21733175,-1.0874168,0.052282665,0.35672194,0.024663128,0.10536742,0.24287151,-1.1081444,0.045883946,0.5424836,0.018472143,0.09049643,0.250222,-1.0100495,0.051799797,-0.041256994,0.031403117,0.10474782,0.23518242,-1.176166,0.060929917,0.38399392,0.027547598,0.11315822,0.24695477,-1.0574265,0.062171012,1.3573736,0.030710641,0.12122024,0.24532346,-1.1006858,0.06403926,0.7005937,0.026105002,0.13342136,0.25737628,-1.0608345
2008-08-05,0.08498999,2.8096416,0.059866793,0.124695316,0.11438546,-0.74216145,0.07038919,0.0445463,0.047661312,0.10111,0.119106114,-0.7235455,0.06464602,0.49516097,0.045316733,0.097845964,0.16313638,-0.7758704,0.061977655,0.44510114,0.049133755,0.090890944,0.22977902,-0.7348688,0.06278042,0.073868185,0.042462736,0.10452347,0.20626333,-0.75960946,0.057308357,-0.28239214,0.039126,0.09595124,0.16726659,-0.71072334,0.0819429,0.44760162,0.068071395,0.11597023,0.2009424,-0.7471858,0.09334619,0.012618581,0.07337746,0.14750314,0.15330124,-0.76088995,0.09249415,0.48236284,0.07074172,0.14115508,0.18035772,-0.7058307,0.08645875,0.22854644,0.065719835,0.15315616,0.16744027,-0.6531935,0.06438249,1.0117084,0.047394317,0.125557,0.114082806,-0.6248569,0.07135647,-5.073964,0.052095287,0.14222008,0.10660473,-0.6689868,0.06645155,-3.8132024,0.043982986,0.12187347,0.12900381,-0.6632936,0.07340988,-5.4674215,0.05002444,0.12491813,0.15903078,-0.6521513,0.064462006,-49.5259,0.030168494,0.11732528,0.14025989,-0.56640244,0.058266144,-5.1945033,0.026169356,0.11146219,0.15631552,-0.58175164,0.055896897,-2.0418632,0.022205647,0.11427362,0.1866965,-0.58358705,0.049898066,-1.9547883,0.019676952,0.108560316,0.18225971,-0.5939506,0.051350836,-4.3964477,0.021491,0.11237695,0.19460556,-0.608128,0.053040043,1.2564131,0.020555845,0.11152064,0.20871621,-0.64201504,0.065205485,0.55632615,0.035684373,0.11441002,0.21328478,-0.96005464,0.07173756,1.877741,0.042412348,0.13038543,0.22277361,-1.1905774,0.069197804,2.057609,0.040757287,0.1296236,0.23771353,-1.1617917,0.060497142,1.2959136,0.034052122,0.122846305,0.24008161,-1.0486541,0.051160697,-0.0016632229,0.020538066,0.111349456,0.21733175,-1.0874168,0.052282665,0.35672194,0.024663128,0.10536742,0.24287151,-1.1081444,0.045883946,0.5424836,0.018472143,0.09049643,0.250222,-1.0100495,0.051799797,-0.041256994,0.031403117,0.10474782,0.23518242,-1.176166,0.060929917,0.38399392,0.027547598,0.11315822,0.24695477,-1.0574265,0.062171012,1.3573736,0.030710641,0.12122024,0.24532346,-1.1006858,0.06403926,0.7005937,0.026105002,0.13342136,0.25737628,-1.0608345
2008-06-25,0.08498999,2.8096416,0.059866793,0.124695316,0.11438546,-0.74216145,0.07038919,0.0445463,0.047661312,0.10111,0.119106114,-0.7235455,0.06464602,0.49516097,0.045316733,0.097845964,0.16313638,-0.7758704,0.061977655,0.44510114,0.049133755,0.090890944,0.22977902,-0.7348688,0.06278042,0.073868185,0.042462736,0.10452347,0.20626333,-0.75960946,0.057308357,-0.28239214,0.039126,0.09595124,0.16726659,-0.71072334,0.0819429,0.44760162,0.068071395,0.11597023,0.2009424,-0.7471858,0.09334619,0.012618581,0.07337746,0.14750314,0.15330124,-0.76088995,0.09249415,0.48236284,0.07074172,0.14115508,0.18035772,-0.7058307,0.08645875,0.22854644,0.065719835,0.15315616,0.16744027,-0.6531935,0.06438249,1.0117084,0.047394317,0.125557,0.114082806,-0.6248569,0.07135647,-5.073964,0.052095287,0.14222008,0.10660473,-0.6689868,0.06645155,-3.8132024,0.043982986,0.12187347,0.12900381,-0.6632936,0.07340988,-5.4674215,0.05002444,0.12491813,0.15903078,-0.6521513,0.064462006,-49.5259,0.030168494,0.11732528,0.14025989,-0.56640244,0.058266144,-5.1945033,0.026169356,0.11146219,0.15631552,-0.58175164,0.055896897,-2.0418632,0.022205647,0.11427362,0.1866965,-0.58358705,0.049898066,-1.9547883,0.019676952,0.108560316,0.18225971,-0.5939506,0.051350836,-4.3964477,0.021491,0.11237695,0.19460556,-0.608128,0.053040043,1.2564131,0.020555845,0.11152064,0.20871621,-0.64201504,0.065205485,0.55632615,0.035684373,0.11441002,0.21328478,-0.96005464,0.07173756,1.877741,0.042412348,0.13038543,0.22277361,-1.1905774,0.069197804,2.057609,0.040757287,0.1296236,0.23771353,-1.1617917,0.060497142,1.2959136,0.034052122,0.122846305,0.24008161,-1.0486541,0.051160697,-0.0016632229,0.020538066,0.111349456,0.21733175,-1.0874168,0.052282665,0.35672194,0.024663128,0.10536742,0.24287151,-1.1081444,0.045883946,0.5424836,0.018472143,0.09049643,0.250222,-1.0100495,0.051799797,-0.041256994,0.031403117,0.10474782,0.23518242,-1.176166,0.060929917,0.38399392,0.027547598,0.11315822,0.24695477,-1.0574265,0.062171012,1.3573736,0.030710641,0.12122024,0.24532346,-1.1006858,0.06403926,0.7005937,0.026105002,0.13342136,0.25737628,-1.0608345
2008-04-30,0.12487748,2.3945105,0.11463654,0.19004765,0.11488439,-1.1372498,0.11562895,0.8024823,0.11382943,0.16814503,0.10099719,-1.0829376,0.11649634,0.46212378,0.1121722,0.18130772,0.15053985,-1.1928502,0.12138142,1.1107914,0.12103185,0.17754011,0.27999523,-1.1599593,0.13379952,0.2224695,0.12301413,0.2013865,0.25415134,-1.1984551,0.1230928,-6.1044617,0.11251056,0.18829527,0.20176655,-1.1318055,0.14438021,1.0596125,0.14558984,0.20534913,0.22190101,-1.1912562,0.15482476,0.9409778,0.1467329,0.2406836,0.15527454,-1.2422518,0.15935327,1.8818388,0.15112594,0.23362198,0.20106715,-1.1990461,0.15701495,0.8251078,0.15284036,0.26037467,0.21171856,-1.1957657,0.13950168,2.9134276,0.1404783,0.23257068,0.13734023,-1.1280572,0.15206051,-7.27141,0.1443465,0.25758845,0.1339775,-1.1551671,0.14971414,-5.0354114,0.1369189,0.24281691,0.15858692,-1.1251072,0.16217269,-7.663911,0.15011328,0.2583353,0.21424887,-1.1190416,0.14964372,-81.1024,0.12716779,0.24935158,0.18674469,-1.0372767,0.12610413,-7.1195736,0.10995282,0.2226281,0.19152495,-1.0264556,0.12820092,-2.2840214,0.10935447,0.2265436,0.21682854,-1.0608435,0.11827588,-2.0817277,0.10688133,0.20837535,0.21266961,-1.068726,0.116144106,-5.624434,0.10235586,0.20792134,0.23766324,-1.0864365,0.11171345,3.3934362,0.09702894,0.20152277,0.21956469,-1.0808429,0.13022687,2.6713645,0.12009681,0.20922181,0.23449787,-1.3419182,0.13890067,4.6206217,0.1236166,0.23057953,0.2522379,-1.4207863,0.1484976,5.2157187,0.13128209,0.24966109,0.28238896,-1.4943273,0.13166343,3.98618,0.12438686,0.23377101,0.27981532,-1.3514596,0.12607022,0.5252608,0.112177655,0.23198885,0.26821864,-1.426444,0.14055298,1.3899909,0.1300713,0.23585291,0.2851664,-1.5426555,0.11578938,1.5504557,0.11183777,0.2055498,0.24047309,-1.3979024,0.11350132,1.6179693,0.11331847,0.19733872,0.24468341,-1.467077,0.11294751,1.6012297,0.09923687,0.19546488,0.2446307,-1.2642435,0.11190195,2.3898597,0.09970799,0.19743183,0.2632479,-1.3494073,0.1106909,2.516045,0.09236528,0.20102112,0.318695,-1.2516755
2008-03-18,0.11912188,2.4733837,0.10760043,0.18167321,0.1076078,-1.0689939,0.10993591,0.69622546,0.105421074,0.16095291,0.09785486,-1.0198202,0.10977854,0.5139798,0.10412266,0.17185985,0.14406967,-1.1265374,0.11351639,1.0599904,0.11121532,0.16775867,0.26107508,-1.0967994,0.12380373,0.23503138,0.11250167,0.18933333,0.2395562,-1.1285794,0.113950714,-5.191509,0.10301641,0.17722446,0.18964674,-1.0682318,0.13512838,0.9995898,0.13448231,0.19375594,0.21034212,-1.1167611,0.14595039,0.86007625,0.13739355,0.22838743,0.1500719,-1.1672151,0.15005288,1.6776888,0.14129886,0.22280371,0.19208841,-1.1280546,0.14680226,0.77538395,0.14176898,0.2457928,0.19991101,-1.1194819,0.12921758,2.5499287,0.12837897,0.21822442,0.13103096,-1.0604179,0.14041416,-6.715163,0.13204753,0.24081114,0.12666239,-1.0880467,0.13758451,-4.640967,0.124252565,0.22570693,0.15012744,-1.0549104,0.14850052,-7.0345745,0.13584948,0.23866907,0.20052443,-1.0479381,0.13610502,-73.77465,0.1131446,0.22940363,0.17433944,-0.9638993,0.11523995,-6.541624,0.09802647,0.20617066,0.18022631,-0.9527261,0.11684573,-2.1223722,0.096586876,0.21041566,0.20578699,-0.9833605,0.10844344,-1.9326776,0.09611062,0.19551724,0.20235431,-0.99699,0.107014194,-5.221231,0.09200163,0.19491254,0.22531556,-1.0193213,0.10415513,2.9873207,0.08800976,0.19037497,0.21141425,-1.0226907,0.12112492,2.311574,0.11011619,0.19678141,0.22341177,-1.2891922,0.1293481,4.1119857,0.11480554,0.21645223,0.23872995,-1.3914651,0.13800275,4.612434,0.12205386,0.23344296,0.2687442,-1.4569678,0.12192048,3.446407,0.11522256,0.217764,0.26515502,-1.3193334,0.117806986,0.37817612,0.10488252,0.21598497,0.25331888,-1.3901206,0.12964998,1.1694849,0.11974676,0.21848422,0.2682008,-1.481483,0.10740788,1.3314993,0.10300479,0.19063254,0.22393087,-1.346649,0.106338896,1.3732619,0.106654584,0.1843641,0.23105322,-1.4232869,0.1067784,1.4218601,0.09312957,0.1832098,0.23235595,-1.2356442,0.10453748,2.1390269,0.0921911,0.18402016,0.24818337,-1.305594,0.10450608,2.1679454,0.086876065,0.18848525,0.30299696,-1.2215278
2008-03-11,0.08531341,3.5826993,0.073838785,0.09107881,-0.0044468977,-0.6185915,0.071099356,0.9073917,0.06751471,0.077509075,-0.005760135,-0.6101058,0.06898861,0.5751698,0.07095671,0.0816011,-0.0065475544,-0.70443654,0.06054753,0.40528142,0.061591282,0.06643321,-0.0082419915,-0.6775092,0.056707185,0.9167773,0.05736444,0.06804224,0.0037086932,-0.65457124,0.049241472,0.9005829,0.054680318,0.064868994,-0.006841055,-0.61720836,0.062432364,0.68890715,0.06280677,0.07293408,0.027426397,-0.64015514,0.06653306,0.57063866,0.065503895,0.07928837,0.028066274,-0.6041357,0.054411918,0.27490726,0.055443242,0.0742877,0.02449862,-0.56093067,0.047489855,0.24889699,0.05257723,0.07977086,0.023089588,-0.48804718,0.032569252,0.05489457,0.037665855,0.054760598,0.0043074433,-0.4506132,0.038342003,1.094629,0.03751599,0.057060637,-0.008341247,-0.48113048,0.03359899,0.9649823,0.0405837,0.050448634,0.001976489,-0.4856284,0.03188594,1.1784997,0.03693609,0.04171188,-0.013409173,-0.46350133,0.030318473,6.948826,0.03315734,0.043495607,-0.029233567,-0.40105355,0.025603496,1.1010531,0.033071723,0.04127576,-0.009710033,-0.42364708,0.028573588,0.7129287,0.0317551,0.0522054,0.017637663,-0.44563282,0.025961699,0.6688968,0.02840061,0.051853463,0.010631762,-0.4212241,0.026832283,1.022888,0.026978211,0.043269053,-0.0022414075,-0.43552932,0.038804613,0.35897833,0.04408051,0.06555088,0.030690594,-0.54080325,0.04260703,0.4482865,0.055012524,0.07059678,0.02055001,-0.77954125,0.034806386,0.14163153,0.051921673,0.064151764,0.029013554,-1.021108,0.03680113,-0.09045422,0.044774976,0.064431086,0.04491032,-0.9117769,0.033523656,0.22934951,0.037837494,0.052991156,0.039938956,-0.8413988,0.02870207,-0.011303276,0.040706117,0.04279062,0.021060297,-0.8876176,0.0409049,0.12858129,0.049159314,0.049072422,0.032888714,-0.85986644,0.049503952,-0.0771152,0.060481444,0.06015934,0.019390209,-0.92580813,0.04969585,-0.13923031,0.05777275,0.05989383,-0.005339521,-0.9446852,0.040066577,0.13555126,0.057598382,0.058607176,-0.024760492,-0.87458336,0.041391023,0.07294978,0.053860847,0.061875127,-0.040218174,-0.8493893,0.037381917,0.12976651,0.053531114,0.05948849,-0.069626614,-0.83528215
2008-01-30,0.12069459,2.3570483,0.11020934,0.1831362,0.110662885,-1.094496,0.11142522,0.7235505,0.1092522,0.16189046,0.0993432,-1.0425593,0.11278172,0.42817023,0.109127134,0.17426716,0.14837207,-1.1535076,0.11686322,1.0101666,0.116814196,0.17045783,0.2696414,-1.1245935,0.12855357,0.21385588,0.118809514,0.19341333,0.24783309,-1.1601125,0.11798367,-5.5993075,0.10878113,0.18100779,0.19559948,-1.0950572,0.13900402,1.0613365,0.14069477,0.19707097,0.21488307,-1.1472766,0.14884329,0.92627484,0.14244054,0.23107807,0.15207586,-1.1940799,0.15341581,1.6983519,0.14708847,0.22541806,0.19618842,-1.1542103,0.15064488,0.697785,0.14818972,0.25025567,0.20619506,-1.1447817,0.13437472,2.6289823,0.13657828,0.22436327,0.13727301,-1.0874376,0.14577888,-6.935659,0.13927397,0.24732706,0.13378236,-1.1130496,0.14273609,-4.8066607,0.13146263,0.23200013,0.1564895,-1.0766772,0.1542203,-7.3010044,0.14444166,0.24636456,0.20852488,-1.0744759,0.14280494,-76.48841,0.12276652,0.23831807,0.18297651,-0.99496645,0.121004134,-6.7538576,0.107452005,0.21352266,0.18909259,-0.9911877,0.122766495,-2.1931493,0.10562784,0.21739754,0.21249181,-1.015722,0.11341302,-2.0020137,0.10418347,0.20083852,0.20889977,-1.0231211,0.11220674,-5.3306837,0.1003683,0.20057698,0.23380414,-1.0416988,0.10769368,3.1236691,0.09547443,0.19465172,0.21815437,-1.038223,0.124983236,2.4083037,0.11731351,0.20060632,0.23152365,-1.291938,0.13281862,4.2654333,0.11970929,0.21981487,0.24787124,-1.3717203,0.14157775,4.7991567,0.12665372,0.23741809,0.27622578,-1.4368732,0.12511599,3.6346524,0.12006074,0.22249454,0.27244872,-1.30267,0.11993514,0.34771588,0.10842164,0.22064537,0.26163515,-1.3699291,0.13383023,1.2035631,0.12579933,0.224769,0.27779883,-1.479994,0.10925536,1.3261325,0.107857384,0.19472462,0.23258637,-1.335852,0.10724584,1.4054666,0.109394655,0.18697928,0.23813863,-1.4037902,0.10738389,1.4243546,0.09624585,0.18563306,0.23833185,-1.2116134,0.1058569,2.1749551,0.09592475,0.18693042,0.25835788,-1.2911086,0.10535566,2.3111143,0.090174094,0.1908953,0.3113533,-1.2044042
2008-01-22,0.119579226,2.555563,0.10823096,0.18249603,0.10147396,-1.060645,0.109731495,0.70373756,0.105462186,0.16140178,0.093014,-1.0103451,0.1091934,0.50461984,0.104270175,0.1724158,0.13779952,-1.1172633,0.11286693,1.0898201,0.111314535,0.16853657,0.25033376,-1.092859,0.1227433,0.32337207,0.11233186,0.18951891,0.23169108,-1.1217787,0.11274417,-4.927159,0.10291408,0.1774984,0.18281206,-1.0620102,0.13414563,1.1096705,0.13386634,0.1939371,0.20402718,-1.1094108,0.14470848,0.9866846,0.1372315,0.22812465,0.14598362,-1.1601282,0.1484802,1.6422532,0.14061427,0.2227707,0.18668257,-1.1200166,0.14477004,0.74745154,0.1403933,0.24456419,0.1941852,-1.1079441,0.12734805,2.4595652,0.12706406,0.21720394,0.12768343,-1.0489583,0.13820092,-6.420417,0.13044727,0.23810825,0.122281656,-1.0749055,0.1347376,-4.4234195,0.122275196,0.22291654,0.14492853,-1.0388361,0.14524595,-6.716138,0.13392857,0.23572649,0.19318566,-1.0361174,0.13337599,-70.81843,0.11189339,0.22705404,0.16766532,-0.953611,0.11258252,-6.1745524,0.096631855,0.20402467,0.17448841,-0.93870324,0.11483027,-1.9781805,0.09577314,0.20933184,0.20020239,-0.9740796,0.10739819,-1.7888769,0.096179575,0.19556406,0.19665325,-0.9916938,0.10627714,-4.88439,0.0922056,0.19430704,0.2186785,-1.0168241,0.10417769,2.9144118,0.08959928,0.19056942,0.20675804,-1.024006,0.12113896,2.2775505,0.11206006,0.19652587,0.2182726,-1.2960762,0.12869743,3.9796028,0.11491329,0.21394795,0.23164755,-1.4015663,0.13677096,4.4503527,0.122246295,0.23070832,0.26195967,-1.459129,0.12058279,3.353795,0.11482522,0.21439984,0.25851655,-1.3204662,0.11651006,0.30134782,0.10497315,0.21283668,0.24618298,-1.3894382,0.12819643,1.1342887,0.11942975,0.21503247,0.2615554,-1.4732772,0.10605195,1.2987466,0.102603756,0.1873922,0.21666181,-1.3397306,0.105150394,1.4159961,0.10605949,0.1817054,0.22289781,-1.4193432,0.10525508,1.3708891,0.09264944,0.17996934,0.22360322,-1.2306525,0.10336947,2.031972,0.0918728,0.18069404,0.23965894,-1.297269,0.103123896,2.1612842,0.0867794,0.18492928,0.29285252,-1.2143009
